,city,lat,lon,country,date,maxtemp,humidity,clouds,wind
0,Awjilah,29.14,21.3,LY,1556913411,79.79,17,38,9.62
1,Ilulissat,69.22,-51.1,GL,1556909400,51.8,37,75,11.41
2,Nanortalik,60.14,-45.24,GL,1556912968,39.83,70,100,6.29
3,Bredasdorp,-34.53,20.04,ZA,1556912739,62.6,59,61,6.93
4,Cape Town,-33.93,18.42,ZA,1556913195,61.0,77,75,4.7
5,Saskylakh,71.97,114.09,RU,1556913413,3.11,91,4,4.56
6,Busselton,-33.64,115.35,AU,1556913277,64.99,32,94,32.03
7,Longyearbyen,78.22,15.63,NO,1556913000,19.4,62,20,18.34
8,Islamkot,24.7,70.18,PK,1556913413,86.09,36,0,8.61
9,Bathsheba,13.22,-59.52,BB,1556910000,86.0,66,40,21.92
10,Broken Hill,-31.97,141.45,AU,1556910000,50.0,87,40,10.29
11,Dunmore Town,25.5,-76.65,BS,1556913414,79.25,79,40,13.67
12,Butaritari,3.07,172.79,KI,1556912950,83.21,78,100,13.82
13,Qurbus,36.82,10.57,TN,1556911800,62.6,82,40,4.7
14,Kapaa,22.08,-159.32,US,1556912802,78.8,78,75,9.17
15,Tecolutla,17.31,-98.74,MX,1556913415,84.29,25,0,7.4
16,Barrow,-38.31,-60.23,AR,1556912960,58.55,53,3,7.25
17,Punta Arenas,-53.16,-70.91,CL,1556912587,44.6,68,0,12.75
18,Atuona,-9.8,-139.03,PF,1556912963,84.11,76,1,15.57
19,Bethel,60.79,-161.76,US,1556909760,41.0,80,90,13.87
20,Sao Filipe,14.9,-24.5,CV,1556912979,72.23,78,0,15.97
21,Iqaluit,63.75,-68.52,CA,1556912562,26.6,73,40,14.99
22,Sitka,37.17,-99.65,US,1556912810,64.0,77,100,1.99
23,Dikson,73.51,80.55,RU,1556912981,6.53,95,18,3.38
24,Gao,16.28,-0.04,ML,1556913418,99.95,22,34,12.19
25,Vardo,39.62,-77.74,US,1556912951,81.0,69,75,5.82
26,Rikitea,-23.12,-134.97,PF,1556912955,77.27,73,100,17.67
27,Mataura,-46.19,168.86,NZ,1556911808,55.0,77,100,3.0
28,Ushuaia,-54.81,-68.31,AR,1556910000,41.0,56,75,5.82
29,Sungairaya,0.7,108.9,ID,1556913419,86.09,74,0,10.29
30,Lompoc,34.64,-120.46,US,1556912784,73.4,46,1,8.05
31,Kinkala,-4.35,14.75,CG,1556913419,74.93,86,100,5.06
32,Faanui,-16.48,-151.75,PF,1556913010,81.59,73,73,17.38
33,Okha,53.59,142.95,RU,1556913420,31.37,95,6,0.49
34,Puerto Ayora,-0.74,-90.35,EC,1556912836,87.8,66,20,13.87
35,Hilo,19.71,-155.08,US,1556912916,78.01,78,90,4.68
36,Kaitangata,-46.28,169.85,NZ,1556912953,52.79,67,100,5.93
37,Turukhansk,65.8,87.96,RU,1556912997,35.15,99,100,10.87
38,Albany,42.65,-73.75,US,1556912925,66.99,72,75,14.99
39,Winkler,49.19,-97.94,CA,1556912100,57.2,47,75,10.29
40,Asekeyevo,53.57,52.8,RU,1556913421,53.69,81,100,20.42
41,Yellowknife,62.45,-114.38,CA,1556912885,28.99,42,20,11.41
42,Manokwari,-0.87,134.08,ID,1556913004,74.57,80,100,3.18
43,Avarua,-21.21,-159.78,CK,1556910000,80.6,78,100,18.34
44,Te Anau,-45.41,167.72,NZ,1556912968,50.99,92,100,4.92
45,San Patricio,-26.98,-56.83,PY,1556912978,78.17,89,53,2.51
46,Honningsvag,70.98,25.97,NO,1556909400,30.2,74,75,12.75
47,Hithadhoo,-0.6,73.08,MV,1556912905,83.75,76,99,7.43
48,Mar del Plata,-46.43,-67.52,AR,1556912942,45.41,44,100,10.2
49,Saint George,39.45,22.34,GR,1556909400,59.0,51,75,3.36
50,Jamestown,-33.21,138.6,AU,1556912944,49.91,95,0,1.05
51,Airai,-8.93,125.41,TL,1556912962,74.57,78,19,4.74
52,Hermanus,-34.42,19.24,ZA,1556912759,59.0,76,79,1.01
53,Nenjiang,49.17,125.23,CN,1556913424,44.33,29,99,15.1
54,Tezu,27.93,96.16,IN,1556913425,69.89,72,95,3.44
55,Pevek,69.7,170.27,RU,1556912944,26.51,83,0,0.85
56,Nikolskoye,59.7,30.79,RU,1556912838,37.99,59,0,8.95
57,Pitimbu,-7.47,-34.81,BR,1556910000,84.2,70,20,13.87
58,Oistins,13.07,-59.53,BB,1556910000,86.0,66,40,21.92
59,Bluff,-23.58,149.07,AU,1556912966,68.81,80,100,3.24
60,Caiaponia,-16.96,-51.81,BR,1556913427,73.13,84,100,3.22
61,Hambantota,6.12,81.12,LK,1556913050,83.21,79,100,16.4
62,Ketchikan,55.34,-131.65,US,1556909760,51.8,93,90,8.05
63,Castro,-42.48,-73.76,CL,1556910000,53.6,93,90,4.7
64,Calvinia,-31.47,19.78,ZA,1556913431,53.69,75,22,2.66
65,Hobart,-42.88,147.33,AU,1556912800,51.01,71,62,4.7
66,Port Alfred,-33.59,26.89,ZA,1556912834,59.0,88,6,3.0
67,Cidreira,-30.17,-50.22,BR,1556912998,75.11,83,52,5.12
68,Esperance,10.24,-61.45,TT,1556912771,84.0,83,75,9.17
69,Qaanaaq,77.48,-69.36,GL,1556912961,25.07,92,34,3.6
70,Keti Bandar,24.14,67.45,PK,1556913433,82.49,72,0,8.7
71,Mahebourg,-20.41,57.7,MU,1556912940,77.0,69,40,10.29
72,Kahului,20.89,-156.47,US,1556912829,81.0,74,75,3.36
73,Key Largo,25.09,-80.45,US,1556913013,88.0,70,40,11.41
74,Jaciara,-15.95,-54.98,BR,1556913434,83.93,66,94,2.3
75,Saint-Philippe,45.36,-73.48,CA,1556912909,53.01,93,90,12.75
76,Los Llanos de Aridane,28.66,-17.92,ES,1556912832,66.2,68,75,13.87
77,Vaini,15.34,74.49,IN,1556912951,73.49,85,100,2.62
78,Elko,40.83,-115.76,US,1556913004,64.0,23,1,3.36
79,Tchibanga,-2.92,11.0,GA,1556913435,77.27,89,100,3.49
80,Panlaitan,12.12,119.85,PH,1556913435,85.37,62,18,3.4
81,Smirnykh,49.74,142.83,RU,1556913436,37.49,75,0,2.28
82,Huangpi,30.88,114.37,CN,1556910000,66.2,77,0,4.47
83,Port Macquarie,-31.43,152.91,AU,1556913304,63.0,100,90,2.13
84,Kodinsk,58.6,99.18,RU,1556913437,30.29,94,37,5.39
85,Bubaque,11.28,-15.83,GW,1556913033,77.45,72,0,22.84
86,Maua,0.23,37.94,KE,1556913438,53.15,96,100,4.18
87,Manaus,-3.13,-59.98,BR,1556910000,82.4,78,40,6.93
88,Meulaboh,4.14,96.13,ID,1556913439,82.49,83,10,5.39
89,Mamallapuram,12.63,80.17,IN,1556912018,89.6,66,20,9.17
90,Georgetown,6.8,-58.16,GY,1556910000,82.4,83,75,11.41
91,Port Elizabeth,39.31,-74.98,US,1556912913,73.99,68,1,4.7
92,Weihe,32.99,105.33,CN,1556913440,51.71,95,100,1.72
93,Grand Gaube,-20.01,57.66,MU,1556912940,77.0,69,40,10.29
94,Kodiak,39.95,-94.76,US,1556912911,59.0,82,90,5.82
95,Khatanga,71.98,102.47,RU,1556912682,10.31,89,38,7.31
96,Qaqortoq,60.72,-46.03,GL,1556909400,50.0,27,75,48.32
97,Sao Joao da Barra,-21.64,-41.05,BR,1556910000,82.4,74,40,18.34
98,Nioro,13.79,-15.05,GM,1556913441,85.37,26,13,15.66
99,Warrnambool,-38.38,142.48,AU,1556913129,55.99,67,98,5.01
100,Tuktoyaktuk,69.44,-133.03,CA,1556910000,15.8,78,20,12.75
101,Xining,36.62,101.77,CN,1556913053,45.23,69,100,3.62
102,Nemuro,43.32,145.57,JP,1556913001,41.09,83,0,4.43
103,Teo,42.8,-8.55,ES,1556913417,62.6,71,0,10.29
104,Deputatskiy,69.3,139.9,RU,1556912980,20.39,88,0,3.56
105,Standish,53.59,-2.66,GB,1556913272,48.99,75,40,9.17
106,Upernavik,72.79,-56.15,GL,1556912978,31.37,87,38,14.32
107,Sangar,63.92,127.47,RU,1556913443,23.63,85,0,10.65
108,Sumbe,-11.2,13.84,AO,1556913443,79.25,87,47,7.85
109,Bansko,41.39,22.75,MK,1556913444,51.17,78,32,6.11
110,Vila Velha,-3.71,-38.6,BR,1556912897,86.0,62,20,17.22
111,Hobyo,5.35,48.53,SO,1556913444,83.93,74,0,17.54
112,Amuntai,-2.42,115.25,ID,1556913245,74.03,97,3,0.36
113,Ossora,59.24,163.07,RU,1556913445,33.17,79,86,11.03
114,Harper,30.3,-99.24,US,1556913424,77.0,69,90,5.82
115,Kelme,55.63,22.93,LT,1556911200,37.4,64,0,5.82
116,Leningradskiy,69.38,178.42,RU,1556913446,28.49,78,5,6.96
117,Vestmannaeyjar,63.44,-20.27,IS,1556913446,41.27,70,22,11.07
118,Malibu,33.61,-84.48,US,1556913424,86.0,51,1,5.82
119,Mana,43.52,20.24,RS,1556911800,57.2,62,0,3.36
120,Hualmay,-11.1,-77.61,PE,1556913029,65.39,91,1,13.53
121,Mayumba,-3.44,10.65,GA,1556913451,81.41,85,99,8.86
122,East London,-33.02,27.91,ZA,1556912971,59.63,75,99,8.39
123,New Norfolk,-42.78,147.06,AU,1556912955,51.01,71,62,4.7
124,Ribeira Grande,38.52,-28.7,PT,1556910000,60.8,93,75,6.93
125,Geraldton,49.72,-86.95,CA,1556910000,46.4,49,90,5.82
126,Codrington,-28.95,153.24,AU,1556912934,68.0,93,99,4.32
127,High Level,58.52,-117.13,CA,1556910000,32.0,21,40,14.99
128,Ahipara,-35.17,173.16,NZ,1556912718,50.0,100,0,9.35
129,Carnarvon,-30.97,22.13,ZA,1556912978,59.27,42,0,9.48
130,Tasiilaq,65.61,-37.64,GL,1556909400,35.6,55,75,3.36
131,Rocha,-34.48,-54.34,UY,1556913416,60.89,90,25,3.96
132,Longonjo,-12.91,15.25,AO,1556913454,59.81,68,27,3.58
133,Mandurah,-32.55,115.7,AU,1556913432,63.0,48,90,10.29
134,Galle,29.74,-97.91,US,1556913446,81.0,69,90,6.93
135,Alofi,-19.06,-169.92,NU,1556910000,77.0,88,90,11.41
136,Cherskiy,68.75,161.3,RU,1556913034,31.73,87,76,2.35
137,Beloha,-25.17,45.06,MG,1556913455,74.03,58,0,5.99
138,Impfondo,1.62,18.06,CD,1556913059,79.79,66,25,2.46
139,Batemans Bay,-35.71,150.18,AU,1556912823,52.0,90,0,5.01
140,Rundu,-17.91,19.77,NA,1556910000,71.6,35,0,2.24
141,Muroto,33.37,134.14,JP,1556913456,55.67,64,0,6.42
142,Ajdabiya,30.75,20.22,LY,1556913456,71.33,45,100,8.59
143,Namibe,-15.19,12.15,AO,1556912958,72.05,79,6,5.39
144,Luderitz,-26.65,15.16,NA,1556910000,62.6,82,0,10.29
145,Lebu,8.96,38.73,ET,1556910000,69.8,26,20,16.11
146,Lorengau,-2.02,147.27,PG,1556912672,77.81,89,100,10.22
147,Husavik,50.56,-96.99,CA,1556913373,55.99,81,83,7.0
148,Gondar,41.82,-8.78,PT,1556913193,69.01,55,0,10.29
149,Torbay,47.66,-52.73,CA,1556913215,39.2,93,90,23.04
150,Matara,-13.74,-72.9,PE,1556910000,57.2,54,40,10.25
151,Taoudenni,22.68,-3.98,ML,1556912971,89.51,10,68,11.07
152,Dicabisagan,17.08,122.42,PH,1556913459,73.49,88,0,1.36
153,Krizevci,46.02,16.54,HR,1556913344,55.4,82,0,4.7
154,Imbituba,-28.24,-48.67,BR,1556910000,84.2,66,0,13.87
155,Fairbanks,64.84,-147.72,US,1556913357,39.0,69,90,8.05
156,Khani,41.96,42.96,GE,1556911800,55.4,93,75,2.24
157,Zaraza,9.35,-65.33,VE,1556913461,91.13,47,95,13.56
158,Cabo San Lucas,22.89,-109.91,MX,1556912712,88.0,34,75,11.41
159,Agadez,16.97,7.99,NE,1556909760,102.2,6,1,6.02
160,Jalu,29.03,21.55,LY,1556913462,80.15,17,77,7.96
161,Tabou,4.42,-7.36,CI,1556913462,76.55,93,100,2.91
162,Rajapur,25.39,81.15,IN,1556913463,88.79,46,94,3.56
163,Lazarev,52.23,141.51,RU,1556913463,33.17,96,99,6.76
164,Wanning,48.64,13.53,AT,1556913001,51.01,81,75,4.7
165,Morondava,-20.3,44.28,MG,1556913463,80.51,70,0,13.18
166,Honiara,-9.43,159.96,SB,1556910000,75.2,100,20,3.91
167,Ponta do Sol,-20.63,-46.0,BR,1556912942,69.17,90,97,2.55
168,Chalchihuites,23.48,-103.88,MX,1556913464,77.99,11,100,18.59
169,Lucea,18.44,-78.17,JM,1556912794,87.8,66,20,26.4
170,Nome,30.04,-94.42,US,1556913011,79.0,100,75,3.36
171,San Quintin,17.54,120.52,PH,1556913036,76.73,70,0,2.71
172,Guarapari,-20.67,-40.5,BR,1556910000,82.4,74,40,14.99
173,Arraial do Cabo,-22.97,-42.02,BR,1556910000,84.2,83,20,18.34
174,Westerland,52.89,4.93,NL,1556913440,45.0,81,75,25.28
175,Ixtapa,20.71,-105.21,MX,1556912713,84.2,51,75,9.17
176,Maceio,-9.67,-35.74,BR,1556913600,80.6,65,0,8.05
177,Bambous Virieux,-20.34,57.76,MU,1556912940,77.0,69,40,10.29
178,Provideniya,64.42,-173.23,RU,1556912990,31.73,94,100,3.67
179,Prachuap Khiri Khan,11.81,99.79,TH,1556913469,74.03,99,99,3.0
180,Korop,51.57,32.95,UA,1556913471,51.71,92,87,6.55
181,Kavaratti,10.57,72.64,IN,1556912977,84.47,66,90,8.97
182,Kailua,21.39,-157.74,US,1556913400,81.0,74,90,9.17
183,Linxia,35.6,103.21,CN,1556913472,50.63,68,96,1.19
184,Itupiranga,-5.13,-49.33,BR,1556910000,93.2,56,20,8.05
185,Saldanha,41.42,-6.55,PT,1556913005,58.55,55,33,2.39
186,Hermagor,46.63,13.37,AT,1556913357,54.0,96,100,4.21
187,Danville,36.59,-79.4,US,1556913254,84.99,42,40,6.93
188,Chuy,-33.69,-53.46,UY,1556912956,68.09,77,86,9.1
189,Clyde River,70.47,-68.59,CA,1556911560,24.8,100,90,5.82
190,Alpena,45.06,-83.43,US,1556913308,52.0,66,1,9.17
191,Severo-Yeniseyskiy,60.37,93.04,RU,1556913049,34.07,86,99,10.6
192,Sunnyside,47.86,-53.92,CA,1556913475,41.09,73,85,18.34
193,Santa Isabel do Rio Negro,-0.41,-65.02,BR,1556913475,79.79,93,100,2.51
194,Baghdad,33.3,44.38,IQ,1556910000,82.4,23,20,6.93
195,Praia da Vitoria,38.73,-27.07,PT,1556912795,64.4,88,75,20.0
196,Puerto Carreno,6.19,-67.49,CO,1556910000,82.4,83,90,5.82
197,Ust-Ordynskiy,52.8,104.75,RU,1556911800,26.6,100,0,4.47
198,Tuatapere,-46.13,167.69,NZ,1556913007,55.99,78,100,3.0
199,Saint-Georges,46.12,-70.67,CA,1556912800,50.0,88,100,1.01
200,Avera,33.19,-82.53,US,1556913355,88.0,54,75,4.7
201,Klaksvik,62.23,-6.59,FO,1556913000,37.4,74,86,21.92
202,General Mamerto Natividad,15.6,121.05,PH,1556910000,78.8,83,75,2.24
203,Katsuura,33.93,134.5,JP,1556911704,57.2,82,20,5.82
204,Sinnamary,5.38,-52.96,GF,1556913479,81.05,82,26,16.46
205,Olenino,56.21,33.48,RU,1556913479,36.59,68,90,3.74
206,Tura,25.52,90.21,IN,1556913480,75.47,90,88,6.82
207,Kenai,60.55,-151.26,US,1556913200,52.0,49,1,18.34
208,Sesimbra,38.45,-9.1,PT,1556913014,71.6,55,0,19.46
209,Norman Wells,65.28,-126.83,CA,1556910000,21.2,67,75,13.87
210,Puerto Maldonado,-12.59,-69.19,PE,1556913481,92.39,53,12,2.06
211,Chicama,-7.84,-79.15,PE,1556910000,71.6,78,0,12.75
212,Doka,13.52,35.76,SD,1556913482,101.75,11,45,3.71
213,Tiksi,71.64,128.87,RU,1556912978,9.41,84,27,19.22
214,Porto Novo,-23.68,-45.44,BR,1556910000,84.2,54,40,2.24
215,Laela,-8.57,32.05,TZ,1556913483,59.27,98,13,3.09
216,Winchester,51.06,-1.31,GB,1556913482,53.01,76,40,5.82
217,Zeya,53.74,127.27,RU,1556913484,28.67,54,91,8.68
218,Zhongxing,32.02,116.14,CN,1556913484,62.87,58,70,5.26
219,Baft,29.23,56.61,IR,1556913484,53.51,30,15,3.83
220,Salta,-24.79,-65.41,AR,1556910000,78.8,39,0,10.29
221,Canton,40.8,-81.38,US,1556913424,72.0,77,75,7.4
222,Farafangana,-22.82,47.83,MG,1556913486,67.37,94,1,2.89
223,Jambi,-1.6,103.62,ID,1556913426,76.55,96,100,2.26
224,Terrace Bay,48.78,-87.1,CA,1556910000,41.0,68,75,4.7
225,Pakpattan,30.34,73.39,PK,1556913487,82.49,20,0,8.12
226,Flinders,-34.58,150.85,AU,1556912829,64.99,87,48,11.41
227,Jefferson City,38.58,-92.17,US,1556913195,61.0,82,90,4.7
228,Rawson,-43.3,-65.11,AR,1556913491,50.27,41,91,7.38
229,Richards Bay,-28.77,32.06,ZA,1556913491,76.19,80,99,19.91
230,Port-Gentil,-0.72,8.78,GA,1556910000,82.4,88,40,6.93
231,Axim,4.87,-2.24,GH,1556913006,81.23,83,100,6.69
232,Narsaq,60.91,-46.05,GL,1556909400,50.0,27,75,48.32
233,Turayf,31.68,38.65,SA,1556910000,64.4,68,40,16.11
234,Berlevag,70.86,29.09,NO,1556909400,28.4,79,75,3.36
235,Beibei,29.83,106.43,CN,1556910000,64.4,88,40,4.47
236,Teya,21.05,-89.07,MX,1556912792,98.6,32,75,13.87
237,Santiago,-33.44,-70.65,CL,1556910000,73.4,33,75,4.7
238,Sechura,-5.56,-80.82,PE,1556913495,73.85,78,3,16.2
239,Souillac,45.6,-0.6,FR,1556912888,55.99,71,0,6.93
240,Kurchum,48.57,83.65,KZ,1556913495,42.53,66,100,5.91
241,Russell,-33.01,-68.8,AR,1556910000,73.4,43,20,3.36
242,Salalah,17.01,54.1,OM,1556909400,86.0,79,20,3.36
243,Tautira,-17.73,-149.15,PF,1556913184,82.4,61,75,5.82
244,Todos Santos,23.45,-110.23,MX,1556913308,88.0,27,40,17.22
245,Hofn,64.25,-15.21,IS,1556908920,39.2,48,0,6.93
246,Sibolga,1.74,98.78,ID,1556913497,83.03,77,100,1.57
247,Panaba,21.28,-88.27,MX,1556913049,92.03,44,87,6.87
248,Stanger,-29.34,31.29,ZA,1556913432,71.01,93,20,4.7
249,Douentza,15.01,-2.95,ML,1556913498,96.89,20,48,6.53
250,Virginia Beach,36.85,-75.98,US,1556913494,88.0,42,1,11.41
251,Thompson,55.74,-97.86,CA,1556910900,32.0,70,90,8.05
252,Krasnovishersk,60.4,57.08,RU,1556913499,49.91,93,69,10.63
253,Hasaki,35.73,140.83,JP,1556912488,59.0,100,75,5.82
254,Touros,-5.2,-35.46,BR,1556910000,86.0,62,20,10.29
255,Cairns,-16.92,145.77,AU,1556912718,75.2,83,40,11.41
256,Carballo,43.21,-8.69,ES,1556913368,61.0,82,0,6.93
257,Itaguai,-22.85,-43.78,BR,1556910000,91.4,66,0,6.93
258,Beringovskiy,63.05,179.32,RU,1556913035,31.19,71,96,7.11
259,Raudeberg,61.99,5.14,NO,1556912704,39.2,60,40,16.11
260,Pisco,-13.71,-76.2,PE,1556912824,71.6,30,20,8.05
261,Victoria,5.28,115.24,BN,1556910000,77.0,88,75,3.36
262,Christchurch,-43.53,172.64,NZ,1556913485,55.99,100,31,12.75
263,Ipiau,-14.14,-39.73,BR,1556913502,74.21,95,100,3.33
264,Nelson,49.49,-117.29,CA,1556913063,66.0,30,87,1.01
265,Port Lincoln,-34.72,135.86,AU,1556912992,59.63,66,100,10.09
266,Shelburne,44.08,-80.2,CA,1556913497,54.0,87,90,4.7
267,Karpathos,35.51,27.21,GR,1556911200,60.8,77,0,3.36
268,Vanino,53.93,40.55,RU,1556913504,48.65,80,0,8.32
269,Caravelas,-17.73,-39.27,BR,1556913504,79.25,81,100,5.88
270,Denpasar,-8.65,115.22,ID,1556910000,78.8,88,20,2.24
271,Camocim,-2.9,-40.84,BR,1556913237,78.53,86,24,5.1
272,Ancud,-41.87,-73.83,CL,1556910000,53.6,93,90,4.7
273,Chhabra,24.67,76.85,IN,1556913505,92.03,23,89,9.57
274,Hun,50.34,4.87,BE,1556913481,50.0,93,60,3.36
275,Manosque,43.83,5.78,FR,1556913333,62.6,54,0,6.93
276,Gat,14.69,-16.54,SN,1556911800,69.8,73,0,17.22
277,Shubarshi,48.59,57.19,KZ,1556913507,54.41,26,100,22.79
278,Barranca,-10.75,-77.76,PE,1556913507,65.39,91,1,13.53
279,Padang,-0.92,100.36,ID,1556913507,84.11,81,100,10.47
280,Cayenne,4.94,-52.33,GF,1556911800,82.4,78,59,13.87
281,Parana,-7.52,-72.89,BR,1556910000,84.2,79,75,5.82
282,El Rodeo,-34.62,-58.73,AR,1556913435,78.8,34,0,6.93
283,Birao,10.3,22.78,CF,1556913512,94.55,21,79,5.66
284,Coahuayana,18.62,-100.35,MX,1556913052,105.89,9,0,4.43
285,Kargil,34.56,76.13,PK,1556913513,26.33,62,47,2.68
286,Fort Nelson,58.81,-122.69,CA,1556910000,28.4,58,90,4.7
287,Shahr-e Babak,30.12,55.12,IR,1556913514,69.53,16,0,3.91
288,Saint-Pierre,48.95,4.24,FR,1556912826,53.6,87,69,6.93
289,Nouadhibou,20.93,-17.03,MR,1556910000,68.0,68,0,18.34
290,Cruzeiro do Sul,-7.63,-72.67,BR,1556910000,84.2,79,75,5.82
291,Orocue,4.79,-71.34,CO,1556913515,82.49,73,100,7.4
292,La Crosse,43.8,-91.24,US,1556913300,61.0,50,40,5.82
293,Rio Gallegos,-51.62,-69.22,AR,1556910000,41.0,56,0,9.17
294,Paamiut,61.99,-49.67,GL,1556913004,43.97,50,100,6.49
295,Margate,-43.03,147.26,AU,1556912955,51.01,71,62,4.7
296,Olenegorsk,68.14,33.28,RU,1556913516,25.07,85,100,8.34
297,Canala,-21.52,165.96,NC,1556911800,64.4,82,90,2.24
298,Monroe,41.91,-83.4,US,1556913503,53.01,100,90,6.93
299,Yatou,3.63,9.81,CM,1556913517,84.83,78,99,16.4
300,Aykhal,65.95,111.51,RU,1556910000,21.2,79,0,6.71
301,Sainte-Maxime,43.31,6.64,FR,1556913476,63.0,51,0,4.7
302,Encheng,22.74,107.09,CN,1556913518,65.75,94,100,1.9
303,Comodoro Rivadavia,-45.87,-67.48,AR,1556910000,48.2,57,20,4.7
304,Unterhaching,48.07,11.61,DE,1556913428,50.0,87,71,4.7
305,Belaya Gora,68.54,146.19,RU,1556913519,27.95,88,100,3.29
306,Loanda,-22.93,-53.14,BR,1556913519,76.01,89,100,4.72
307,Lima,-12.06,-77.04,PE,1556913130,71.6,68,90,10.29
308,Nakusp,50.24,-117.8,CA,1556913305,57.99,40,78,8.99
309,Tabuk,17.41,121.44,PH,1556913520,62.33,93,49,2.53
310,Santa Cruz,36.97,-122.03,US,1556913239,79.0,15,1,4.7
311,Namatanai,-3.66,152.44,PG,1556912956,77.63,89,100,11.32
312,Rio Grande,-32.03,-52.1,BR,1556910000,77.0,88,75,4.7
313,Livani,56.35,26.18,LV,1556913523,32.09,74,0,1.9
314,Vao,59.1,26.19,EE,1556913046,31.19,73,28,9.93
315,Tawang,27.59,91.87,BT,1556913524,50.99,77,98,3.42
316,Carauari,-4.88,-66.9,BR,1556913524,82.13,86,93,2.39
317,Chiautla,19.53,-98.88,MX,1556913182,80.6,19,40,6.93
318,Colares,38.8,-9.45,PT,1556913390,71.6,59,0,17.22
319,Oktyabrskiy,55.61,37.97,RU,1556912422,52.0,76,0,6.71
320,College,64.86,-147.8,US,1556913508,39.0,69,90,8.05
321,Suntar,62.16,117.65,RU,1556913526,27.41,84,0,5.23
322,Wewak,-3.55,143.63,PG,1556913526,76.73,87,100,4.05
323,Saveh,35.02,50.36,IR,1556913526,64.67,41,68,4.47
324,Ermelo,52.3,5.62,NL,1556913483,46.0,81,90,3.36
325,Balkanabat,39.51,54.36,TM,1556913527,82.13,23,71,6.13
326,Bafq,31.6,55.4,IR,1556913528,67.91,21,0,1.03
327,Quatre Cocos,-20.21,57.76,MU,1556912940,77.0,69,40,10.29
328,Nuevo Progreso,26.05,-97.95,US,1556913326,89.6,46,1,17.22
329,Aswan,24.09,32.9,EG,1556910000,91.4,15,0,11.41
330,Emba,34.81,32.42,CY,1556912831,64.4,87,20,6.93
331,Methana,37.58,23.39,GR,1556913343,66.0,68,20,4.7
332,Istra,55.91,36.86,RU,1556912422,52.0,93,0,8.95
333,Belousovka,50.13,82.52,KZ,1556910000,33.8,86,53,2.24
334,Sibiti,-3.69,13.35,CG,1556913533,74.03,99,100,1.99
335,Nabire,-3.36,135.5,ID,1556913533,68.99,99,100,0.92
336,Rawlins,41.79,-107.24,US,1556912100,53.6,27,1,19.46
337,Great Yarmouth,52.61,1.73,GB,1556913433,43.0,87,20,4.7
338,Kruisfontein,-34.0,24.73,ZA,1556912954,54.59,82,65,7.63
339,Ambilobe,-13.19,49.05,MG,1556913535,74.93,74,22,9.19
340,Saquarema,-22.93,-42.51,BR,1556910000,84.2,83,20,18.34
341,Salinopolis,-0.61,-47.36,BR,1556913301,82.67,80,34,14.94
342,Half Moon Bay,37.46,-122.43,US,1556912910,75.99,52,40,14.99
343,Chokurdakh,70.62,147.9,RU,1556912972,25.61,90,100,9.19
344,Sorata,-15.77,-68.65,BO,1556913536,47.39,57,0,4.83
345,Kloulklubed,7.04,134.26,PW,1556913000,78.8,83,90,3.36
346,Salinas,36.67,-121.66,US,1556913513,79.0,31,1,8.05
347,Komsomolskiy,67.55,63.78,RU,1556912948,30.11,91,96,12.53
348,Naze,5.43,7.07,NG,1556910000,84.2,79,40,4.7
349,Kuybyshevskiy Zaton,55.16,49.17,RU,1556911800,51.8,93,75,8.95
350,Tonantins,-2.86,-67.77,BR,1556913537,81.41,91,69,1.43
351,Wukari,7.87,9.78,NG,1556913538,90.05,49,81,5.48
352,Minas,-34.38,-55.24,UY,1556910000,69.8,56,40,3.36
353,Praia,-20.25,-43.81,BR,1556910000,80.6,61,90,4.7
354,Khawhai,23.52,93.19,IN,1556913539,65.75,99,89,2.3
355,Dzerzhinsk,56.24,43.46,RU,1556911800,50.0,87,0,6.71
356,Gillette,44.29,-105.5,US,1556912858,53.01,43,75,6.93
357,Itambe,-15.24,-40.62,BR,1556910000,73.4,78,75,12.75
358,Jiwani,25.05,61.74,PK,1556913540,83.03,64,0,7.81
359,Lavrentiya,65.58,-170.99,RU,1556912979,27.05,96,100,7.76
360,Severo-Kurilsk,50.68,156.12,RU,1556912983,37.13,78,73,17.18
361,Watrous,51.67,-105.46,CA,1556913541,50.27,45,66,16.22
362,Marzuq,14.4,46.47,YE,1556913051,78.17,24,0,6.6
363,Jiujiang,29.73,115.99,CN,1556913541,63.41,64,0,4.7
364,Am Timan,11.04,20.28,TD,1556913542,96.35,25,9,4.29
365,Williams Lake,52.13,-122.14,CA,1556910000,50.0,46,75,5.82
366,Linqu,36.52,118.54,CN,1556913085,70.0,30,100,8.01
367,Coquimbo,-29.95,-71.34,CL,1556912817,75.0,82,75,12.75
368,Port Shepstone,-30.74,30.45,ZA,1556913543,65.75,97,100,4.29
369,Port Blair,11.67,92.75,IN,1556912990,85.19,78,100,14.45
370,Rio Cauto,20.56,-76.92,CU,1556909400,91.4,49,40,6.93
371,Tual,-5.67,132.75,ID,1556913544,82.67,77,100,10.96
372,Hamilton,32.3,-64.78,BM,1556911817,77.0,64,20,9.17
373,Labuhan,-2.54,115.51,ID,1556913033,74.75,90,7,1.88
374,Sinazongwe,-17.26,27.46,ZM,1556913544,65.93,55,0,5.39
375,Berasia,23.63,77.43,IN,1556913545,90.05,24,44,6.91
376,Asyut,27.18,31.19,EG,1556910000,78.8,22,0,16.11
377,Zhuhai,40.71,112.04,CN,1556910000,51.8,53,0,6.71
378,Sawtell,-30.38,153.1,AU,1556913204,69.8,77,100,11.41
379,Hay River,60.82,-115.79,CA,1556910000,19.4,79,75,13.87
380,Cururupu,-1.82,-44.87,BR,1556913546,78.89,83,22,3.2
381,Prieska,-29.67,22.74,ZA,1556913546,63.95,40,0,10.74
382,Acapulco,16.86,-99.88,MX,1556909040,84.2,74,5,5.82
383,Muros,42.77,-9.06,ES,1556913537,62.6,71,0,10.29
384,Smithers,54.78,-127.17,CA,1556910000,53.6,46,75,5.82
385,Ginebra,3.72,-76.27,CO,1556910000,86.0,55,75,3.36
386,North Branch,45.51,-92.98,US,1556913485,64.99,47,90,8.05
387,Ust-Kan,50.93,84.77,RU,1556913552,29.03,64,0,1.86
388,Vysokopillya,47.49,33.53,UA,1556911800,59.0,58,0,8.95
389,Awbari,26.59,12.77,LY,1556913552,94.37,10,99,12.64
390,Coihaique,-45.58,-72.07,CL,1556910000,51.8,65,75,9.17
391,Tignere,7.37,12.65,CM,1556913553,76.55,68,98,2.33
392,Aras,14.28,44.38,YE,1556913553,73.49,39,0,3.33
393,Saulkrasti,57.26,24.42,LV,1556913524,33.01,74,20,2.24
394,Tomatlan,19.93,-105.25,MX,1556913336,85.73,52,20,9.44
395,Pochutla,15.74,-96.47,MX,1556912802,91.0,49,5,9.17
396,Iberia,-11.41,-69.49,PE,1556913554,91.49,50,1,3.29
397,New Iberia,30.0,-91.82,US,1556913360,84.2,62,1,10.29
398,Inyonga,-6.72,32.06,TZ,1556913555,66.65,86,22,3.56
399,Vostok,46.45,135.83,RU,1556913555,47.57,58,0,6.78
400,Ankazobe,-18.32,47.12,MG,1556911800,59.0,87,20,4.7
401,Luocheng,28.29,114.55,CN,1556913556,61.61,71,26,1.9
402,Thinadhoo,0.53,72.93,MV,1556913556,84.65,76,100,10.56
403,Aksay,47.27,39.86,RU,1556911800,55.4,87,0,6.71
404,Ler,63.2,10.3,NO,1556913316,39.2,64,40,17.22
405,Buta,2.79,24.73,CD,1556913557,79.79,58,41,1.74
406,Obo,5.39,26.49,CF,1556913557,80.33,52,48,1.66
407,Zhigansk,66.77,123.37,RU,1556912964,15.71,86,5,7.05
408,Moranbah,-22.0,148.04,AU,1556913558,65.57,92,27,6.87
409,Yulara,-25.24,130.99,AU,1556910000,50.0,57,0,8.05
410,Altay,47.83,88.13,CN,1556913558,39.11,45,100,6.26
411,Kavieng,-2.57,150.8,PG,1556913023,81.77,83,100,17.29
412,Canico,32.63,-16.85,PT,1556913185,62.6,55,75,12.75
413,Onverwacht,5.59,-55.2,SR,1556913313,87.8,70,40,11.41
414,Brandon,43.59,-96.57,US,1556913502,64.99,39,75,23.04
415,Bayangol,48.91,106.09,MN,1556913560,26.87,72,9,9.08
416,Pakdasht,35.48,51.68,IR,1556913184,71.6,26,20,6.93
417,Kadirli,37.37,36.09,TR,1556913502,60.01,65,32,8.01
418,Challapata,-18.9,-66.78,BO,1556913561,47.93,44,0,2.73
419,Gopalpur,25.6,86.94,IN,1556913561,77.81,79,100,20.29
420,Ust-Kuyga,70.0,135.55,RU,1556913562,14.81,83,21,6.73
421,Aspindza,41.57,43.25,GE,1556913562,36.77,89,98,3.71
422,Oranjemund,-28.55,16.43,ZA,1556912965,58.91,83,0,23.4
423,Ichinohe,40.14,141.28,JP,1556910000,44.6,66,20,4.7
424,Bolobo,-2.17,16.23,CD,1556913032,80.51,64,94,4.68
425,Waingapu,-9.65,120.26,ID,1556913563,74.57,93,0,5.08
426,Betamcherla,15.47,78.17,IN,1556913563,86.63,40,100,20.31
427,Puerto Escondido,15.86,-97.07,MX,1556909100,86.0,66,5,11.41
428,Tahoua,14.89,5.26,NE,1556913564,96.17,16,19,5.64
429,Akdepe,42.05,59.39,TM,1556911800,66.2,20,0,11.41
430,Yertsevo,60.8,40.09,RU,1556913564,36.05,75,61,8.32
431,San Andres,13.32,122.68,PH,1556913565,78.17,87,0,1.14
432,Mingguang,32.78,118.01,CN,1556913565,62.15,29,100,10.42
433,Anapskaya,44.9,37.38,RU,1556911800,50.0,93,20,6.71
434,Viedma,-40.81,-62.99,AR,1556913566,54.05,49,0,4.97
435,Pakxan,18.39,103.66,LA,1556913566,73.31,97,100,2.62
436,Monrovia,6.33,-10.8,LR,1556910000,82.4,83,75,9.17
437,Caxito,-22.65,-42.51,BR,1556910000,84.2,74,20,12.75
438,Nishihara,35.74,139.53,JP,1556913510,63.0,82,40,3.36
439,Kyaikkami,16.08,97.57,MM,1556913571,86.63,73,56,7.38
440,Lebyazhye,59.96,29.42,RU,1556913535,37.99,59,0,11.18
441,Mangan,27.5,88.54,IN,1556913571,54.77,71,98,4.16
442,San Policarpo,12.18,125.51,PH,1556912992,79.79,79,9,5.14
443,Manlleu,42.0,2.28,ES,1556913544,55.0,100,75,2.24
444,Qixingtai,30.41,111.89,CN,1556913515,69.01,77,100,1.79
445,Sawakin,19.1,37.33,SD,1556913573,80.69,57,23,2.64
446,Talnakh,69.49,88.39,RU,1556910000,10.4,72,40,4.47
447,Chapais,49.78,-74.86,CA,1556910000,44.6,70,90,8.05
448,Koygorodok,60.44,51.01,RU,1556913574,49.19,88,100,7.07
449,Rovinj,45.08,13.64,HR,1556913450,55.4,93,75,6.93
450,Dunedin,-45.87,170.5,NZ,1556912494,48.99,91,98,7.58
451,Maningrida,-12.05,134.23,AU,1556913574,76.19,89,98,9.6
452,Coos Bay,43.37,-124.22,US,1556913486,66.99,67,1,19.46
453,Kirakira,-10.46,161.92,SB,1556913575,81.23,80,45,6.55
454,Vila Franca do Campo,37.72,-25.43,PT,1556910000,62.6,82,40,12.75
455,Kuytun,54.34,101.51,RU,1556913575,29.03,41,0,2.51
456,Marfino,56.07,37.56,RU,1556912422,52.0,93,0,8.95
457,Metro,-5.11,105.31,ID,1556913576,75.47,93,92,5.57
458,Sungaipenuh,-2.08,101.38,ID,1556913577,76.73,88,100,2.24
459,Trairi,-3.28,-39.27,BR,1556913577,75.29,95,10,3.49
460,Warri,5.52,5.75,NG,1556913577,83.21,77,100,7.34
461,Baykit,61.68,96.39,RU,1556913577,34.07,93,100,10.54
462,Ende,-8.84,121.65,ID,1556913578,80.69,80,8,1.74
463,Hamamatsu,34.71,137.73,JP,1556913484,57.0,87,0,1.01
464,Birin,35.01,36.67,SY,1556913579,55.85,71,0,12.26
465,Sisimiut,66.94,-53.67,GL,1556913579,39.29,67,22,14.05
466,Netanya,32.33,34.86,IL,1556913511,66.2,72,40,8.05
467,Sergiyev Posad,56.31,38.14,RU,1556911859,50.0,93,0,8.95
468,Omboue,-1.57,9.26,GA,1556913580,82.85,83,100,9.89
469,Oksfjord,70.24,22.35,NO,1556910240,30.2,68,90,9.17
470,Pangody,65.85,74.49,RU,1556913580,34.61,99,100,6.98
471,Yar-Sale,66.83,70.83,RU,1556913580,26.51,96,100,8.43
472,Yanam,16.73,82.22,IN,1556913581,84.65,67,100,1.57
473,Khash,28.22,61.21,IR,1556913581,63.41,20,0,3.6
474,Mandali,33.75,45.55,IQ,1556913581,83.75,22,100,6.44
475,Luangwa,-15.62,30.4,MZ,1556913582,65.57,80,0,1.07
476,Redlands,34.06,-117.19,US,1556913415,84.0,46,1,10.29
477,Ekhabi,53.51,142.97,RU,1556913582,31.37,95,6,0.49
478,Sept-Iles,50.2,-66.38,CA,1556913209,46.99,48,90,2.24
479,Ekimchan,53.07,132.94,RU,1556913583,30.47,56,77,12.21
480,Arcachon,44.65,-1.18,FR,1556912738,55.0,66,0,5.82
481,Nhamunda,-2.19,-56.71,BR,1556913583,81.59,89,68,2.08
482,Ngaoundere,7.32,13.58,CM,1556913584,72.41,73,76,1.97
483,Road Town,18.42,-64.62,VG,1556912832,84.2,62,75,11.41
484,Faya,18.39,42.45,SA,1556910000,73.4,40,40,4.03
485,Tigre,-34.42,-58.58,AR,1556913539,78.8,34,0,6.93
486,Adrar,27.87,-0.29,DZ,1556910000,86.0,9,0,9.17
487,Lagoa,37.14,-8.45,PT,1556913103,66.0,88,20,9.17
488,Ikongo,-21.88,47.44,MG,1556913586,55.67,97,23,2.59
489,Ishigaki,24.34,124.16,JP,1556913586,74.03,67,1,15.75
490,Ovalle,-30.6,-71.2,CL,1556913586,68.81,51,60,7.7
491,Lavumisa,-27.31,31.88,ZA,1556913587,65.75,57,0,3.13
492,Kaeo,-35.1,173.78,NZ,1556912718,51.01,100,2,4.92
493,Okhotsk,59.36,143.24,RU,1556913042,43.25,64,27,2.1
494,Norfolk,36.85,-76.29,US,1556913431,87.01,42,1,11.41
495,Pacific Grove,36.62,-121.92,US,1556912790,79.0,63,1,9.17
496,Homer,59.64,-151.54,US,1556913200,52.0,60,75,9.75
497,Nhulunbuy,-12.18,136.78,AU,1556911800,75.2,88,81,4.7
498,Sabha,27.03,14.43,LY,1556913051,92.39,12,54,16.4
499,Chulym,55.09,80.97,RU,1556913592,41.63,43,44,4.76
500,Merauke,-8.49,140.4,ID,1556913592,81.23,80,100,11.48
501,Monte Alegre,-2.0,-54.07,BR,1556913593,81.23,91,88,1.61
502,Rosetta,31.4,30.42,EG,1556910000,64.4,68,20,8.05
503,Kalabo,-15.0,22.67,ZM,1556913593,67.73,43,11,3.65
504,Kysyl-Syr,63.9,122.77,RU,1556913594,22.73,91,9,5.35
505,Aklavik,68.22,-135.01,CA,1556910000,26.6,35,20,5.82
506,Constitucion,23.99,-104.67,MX,1556913017,75.99,17,90,23.04
507,Buala,-8.15,159.59,SB,1556913595,82.67,76,63,4.59
508,Menongue,-14.66,17.68,AO,1556913595,62.69,52,9,3.58
509,Magadan,59.56,150.8,RU,1556913595,36.77,68,0,10.6
510,Abu Dhabi,24.47,54.37,AE,1556910000,80.6,74,0,4.7
511,Kisangani,0.52,25.21,CD,1556913596,79.07,66,45,2.08
512,Launceston,-41.43,147.14,AU,1556912840,48.99,100,6,6.93
513,Itoman,26.12,127.67,JP,1556911800,68.0,64,20,4.7
514,Puerto Colombia,10.99,-74.96,CO,1556912836,91.0,62,75,16.11
515,Waddan,29.16,16.14,LY,1556913597,81.23,23,99,24.56
516,Polessk,54.86,21.11,RU,1556911800,37.4,70,0,4.47
517,Townsville,-19.26,146.82,AU,1556912864,70.0,94,58,5.82
518,Alice Springs,-23.7,133.88,AU,1556911800,50.0,71,0,4.7
519,Fortuna,38.18,-1.13,ES,1556913582,62.6,67,40,18.34
520,Arman,59.7,150.17,RU,1556913599,37.67,63,0,1.92
521,Milkovo,41.53,24.68,BG,1556911800,69.8,35,51,11.41
522,Dingle,11.0,122.67,PH,1556913599,76.73,83,16,1.41
523,Acari,-6.44,-36.64,BR,1556913600,80.15,63,9,12.03
524,Borovskoy,53.8,64.15,KZ,1556913600,50.63,43,87,15.79
525,Bushehr,28.97,50.84,IR,1556910000,78.8,57,0,4.7
526,Rameswaram,9.28,79.3,IN,1556913604,86.27,73,100,17.65
527,Srednekolymsk,67.46,153.71,RU,1556913609,27.95,89,94,4.54
528,Yinchuan,38.48,106.21,CN,1556913437,61.0,35,0,3.0
529,Mount Isa,-20.73,139.49,AU,1556911800,68.0,72,90,12.75
530,Gotemba,35.3,138.88,JP,1556913599,62.01,82,40,3.36
531,Golden,51.3,-116.96,CA,1556910000,59.0,38,75,5.82
532,Preobrazheniye,42.9,133.91,RU,1556913617,46.49,43,0,3.76
533,Mount Gambier,-37.83,140.78,AU,1556910000,53.6,87,90,8.05
534,Amahai,-3.31,129.0,ID,1556913620,78.89,85,100,2.55
535,Shablykino,52.85,35.2,RU,1556913620,47.57,88,3,7.18
536,Hami,42.84,93.51,CN,1556913024,68.27,16,76,12.46
537,Hailey,43.52,-114.32,US,1556912753,55.99,32,5,8.05
538,Kozhva,65.11,57.05,RU,1556913622,40.55,94,96,10.87
539,Yueyang,29.36,113.12,CN,1556913622,68.81,56,47,3.36
540,Matay,28.42,30.79,EG,1556913623,71.69,28,0,17.69
541,Griffith,-34.29,146.06,AU,1556910000,51.8,100,40,3.36
542,Zeliezovce,48.05,18.65,SK,1556913612,57.99,89,86,1.99
543,Mackay,53.65,-115.58,CA,1556912580,30.2,92,90,6.93
544,Togur,58.36,82.83,RU,1556913625,38.39,69,96,13.11
545,Cap Malheureux,-19.98,57.61,MU,1556913540,77.0,69,40,10.29
546,Gamba,28.28,88.52,CN,1556913626,35.51,67,66,5.01
547,Indianola,40.24,-100.42,US,1556912460,62.6,59,90,13.87
548,Ugoofaaru,5.67,73.0,MV,1556913631,84.29,75,99,8.59
549,Bandarbeyla,9.49,50.81,SO,1556913631,79.61,75,0,6.2
550,Nara,34.68,135.8,JP,1556913602,59.0,87,0,2.24
